{
  "info": {
    "_postman_id": "97db2402-2fe8-4568-934b-876dac98b1f4",
    "name": "REST API for \"Zenika Ecommerce\" App",
    "schema": "https://schema.getpostman.com/json/collection/v2.1.0/collection.json",
    "_exporter_id": "3597277"
  },
  "item": [
    {
      "name": "Get products",
      "request": {
        "method": "GET",
        "header": [],
        "url": {
          "raw": "http://localhost:8080/api/products",
          "protocol": "http",
          "host": ["localhost"],
          "port": "8080",
          "path": ["api", "products"]
        }
      },
      "response": []
    },
    {
      "name": "Get product",
      "request": {
        "method": "GET",
        "header": [],
        "url": {
          "raw": "http://localhost:8080/api/products/:id",
          "protocol": "http",
          "host": ["localhost"],
          "port": "8080",
          "path": ["api", "products", ":id"],
          "variable": [
            {
              "key": "id",
              "value": "welsch"
            }
          ]
        }
      },
      "response": []
    },
    {
      "name": "Get basket",
      "request": {
        "method": "GET",
        "header": [],
        "url": {
          "raw": "http://localhost:8080/api/basket",
          "protocol": "http",
          "host": ["localhost"],
          "port": "8080",
          "path": ["api", "basket"]
        }
      },
      "response": []
    },
    {
      "name": "Add to basket",
      "request": {
        "method": "POST",
        "header": [],
        "body": {
          "mode": "raw",
          "raw": "{\n    \"productId\": \"welsch\"\n}",
          "options": {
            "raw": {
              "language": "json"
            }
          }
        },
        "url": {
          "raw": "http://localhost:8080/api/basket",
          "protocol": "http",
          "host": ["localhost"],
          "port": "8080",
          "path": ["api", "basket"]
        }
      },
      "response": []
    },
    {
      "name": "Checkout basket",
      "request": {
        "method": "POST",
        "header": [],
        "body": {
          "mode": "raw",
          "raw": "{\n    \"name\": \"John\",\n    \"address\": \"Doe\",\n    \"creditCard\": \"123-456\"\n}\n",
          "options": {
            "raw": {
              "language": "json"
            }
          }
        },
        "url": {
          "raw": "http://localhost:8080/api/basket/checkout",
          "protocol": "http",
          "host": ["localhost"],
          "port": "8080",
          "path": ["api", "basket", "checkout"]
        }
      },
      "response": []
    },
    {
      "name": "Reset",
      "request": {
        "method": "GET",
        "header": [],
        "url": {
          "raw": "http://localhost:8080/reset",
          "protocol": "http",
          "host": ["localhost"],
          "port": "8080",
          "path": ["reset"]
        }
      },
      "response": []
    },
    {
      "name": "Ping",
      "request": {
        "method": "GET",
        "header": [],
        "url": {
          "raw": "http://localhost:8080/",
          "protocol": "http",
          "host": ["localhost"],
          "port": "8080",
          "path": [""]
        }
      },
      "response": []
    }
  ]
}
